[
  {
    "id": "quiz_1762600000",
    "titre": "Géographie",
    "questions": [
      {
        "id": "q1",
        "enonce": "Quelle est la capitale de l’Espagne ?",
        "types": "simple",
        "choisir": [
          {
            "id": "c1",
            "texte": "Madrid"
          },
          {
            "id": "c2",
            "texte": "Barcelone"
          },
          {
            "id": "c3",
            "texte": "Séville"
          },
          {
            "id": "c4",
            "texte": "Lisbonne"
          }
        ],
        "correction": [
          "c1"
        ]
      },
      {
        "id": "q2",
        "enonce": "Quel est le plus grand océan ?",
        "types": "simple",
        "choisir": [
          {
            "id": "c1",
            "texte": "Pacifique"
          },
          {
            "id": "c2",
            "texte": "Atlantique"
          },
          {
            "id": "c3",
            "texte": "Indien"
          },
          {
            "id": "c4",
            "texte": "Arctique"
          }
        ],
        "correction": [
          "c1"
        ]
      },
      {
        "id": "q3",
        "enonce": "Quel continent possède le plus de pays ?",
        "types": "simple",
        "choisir": [
          {
            "id": "c1",
            "texte": "Afrique"
          },
          {
            "id": "c2",
            "texte": "Europe"
          },
          {
            "id": "c3",
            "texte": "Asie"
          },
          {
            "id": "c4",
            "texte": "Amérique"
          }
        ],
        "correction": [
          "c1"
        ]
      }
    ],
    "faita": "2025-11-08T11:00:00Z",
    "auteurId": "1761934138736",
    "categorie": "Géographie"
  },
  {
    "id": "quiz_1762600001",
    "titre": "Sciences",
    "questions": [
      {
        "id": "q1",
        "enonce": "Quelle est la formule chimique de l’eau ?",
        "types": "simple",
        "choisir": [
          {
            "id": "c1",
            "texte": "H2O"
          },
          {
            "id": "c2",
            "texte": "CO2"
          },
          {
            "id": "c3",
            "texte": "O2"
          },
          {
            "id": "c4",
            "texte": "NaCl"
          }
        ],
        "correction": [
          "c1"
        ]
      },
      {
        "id": "q2",
        "enonce": "Quel gaz est essentiel à la respiration humaine ?",
        "types": "simple",
        "choisir": [
          {
            "id": "c1",
            "texte": "Oxygène"
          },
          {
            "id": "c2",
            "texte": "Azote"
          },
          {
            "id": "c3",
            "texte": "CO2"
          },
          {
            "id": "c4",
            "texte": "Hélium"
          }
        ],
        "correction": [
          "c1"
        ]
      },
      {
        "id": "q3",
        "enonce": "Combien de planètes compte le système solaire ?",
        "types": "simple",
        "choisir": [
          {
            "id": "c1",
            "texte": "7"
          },
          {
            "id": "c2",
            "texte": "8"
          },
          {
            "id": "c3",
            "texte": "9"
          },
          {
            "id": "c4",
            "texte": "10"
          }
        ],
        "correction": [
          "c2"
        ]
      }
    ],
    "faita": "2025-11-08T11:01:00Z",
    "auteurId": "1761866964593",
    "categorie": "Science"
  },
  {
    "id": "quiz_1762600002",
    "titre": "Littérature",
    "questions": [
      {
        "id": "q1",
        "enonce": "Qui a écrit *Les Misérables* ?",
        "types": "simple",
        "choisir": [
          {
            "id": "c1",
            "texte": "Victor Hugo"
          },
          {
            "id": "c2",
            "texte": "Émile Zola"
          },
          {
            "id": "c3",
            "texte": "Balzac"
          },
          {
            "id": "c4",
            "texte": "Molière"
          }
        ],
        "correction": [
          "c1"
        ]
      },
      {
        "id": "q2",
        "enonce": "Qui est l’auteur de *Harry Potter* ?",
        "types": "simple",
        "choisir": [
          {
            "id": "c1",
            "texte": "J.K. Rowling"
          },
          {
            "id": "c2",
            "texte": "Stephen King"
          },
          {
            "id": "c3",
            "texte": "Tolkien"
          },
          {
            "id": "c4",
            "texte": "Lewis"
          }
        ],
        "correction": [
          "c1"
        ]
      },
      {
        "id": "q3",
        "enonce": "Qui a écrit *Le Petit Prince* ?",
        "types": "simple",
        "choisir": [
          {
            "id": "c1",
            "texte": "Saint-Exupéry"
          },
          {
            "id": "c2",
            "texte": "Camus"
          },
          {
            "id": "c3",
            "texte": "Voltaire"
          },
          {
            "id": "c4",
            "texte": "Hugo"
          }
        ],
        "correction": [
          "c1"
        ]
      }
    ],
    "faita": "2025-11-08T11:02:00Z",
    "auteurId": "1762202977089",
    "categorie": "Littérature"
  },
  {
    "id": "quiz_1762600003",
    "titre": "Histoire",
    "questions": [
      {
        "id": "q1",
        "enonce": "En quelle année a eu lieu la Révolution française ?",
        "types": "simple",
        "choisir": [
          {
            "id": "c1",
            "texte": "1789"
          },
          {
            "id": "c2",
            "texte": "1792"
          },
          {
            "id": "c3",
            "texte": "1776"
          },
          {
            "id": "c4",
            "texte": "1804"
          }
        ],
        "correction": [
          "c1"
        ]
      },
      {
        "id": "q2",
        "enonce": "Qui a découvert l’Amérique ?",
        "types": "simple",
        "choisir": [
          {
            "id": "c1",
            "texte": "Christophe Colomb"
          },
          {
            "id": "c2",
            "texte": "Magellan"
          },
          {
            "id": "c3",
            "texte": "Cook"
          },
          {
            "id": "c4",
            "texte": "Vasco de Gama"
          }
        ],
        "correction": [
          "c1"
        ]
      },
      {
        "id": "q3",
        "enonce": "Quel mur est tombé en 1989 ?",
        "types": "simple",
        "choisir": [
          {
            "id": "c1",
            "texte": "Mur de Berlin"
          },
          {
            "id": "c2",
            "texte": "Mur de Chine"
          },
          {
            "id": "c3",
            "texte": "Mur de Pise"
          },
          {
            "id": "c4",
            "texte": "Mur de Jéricho"
          }
        ],
        "correction": [
          "c1"
        ]
      }
    ],
    "faita": "2025-11-08T11:03:00Z",
    "auteurId": "1761934138736",
    "categorie": "Histoire"
  },
  {
    "id": "quiz_1762600004",
    "titre": "Cinéma",
    "questions": [
      {
        "id": "q1",
        "enonce": "Qui a réalisé *Titanic* ?",
        "types": "simple",
        "choisir": [
          {
            "id": "c1",
            "texte": "James Cameron"
          },
          {
            "id": "c2",
            "texte": "Steven Spielberg"
          },
          {
            "id": "c3",
            "texte": "Ridley Scott"
          },
          {
            "id": "c4",
            "texte": "George Lucas"
          }
        ],
        "correction": [
          "c1"
        ]
      },
      {
        "id": "q2",
        "enonce": "Quel film met en scène un robot nommé WALL-E ?",
        "types": "simple",
        "choisir": [
          {
            "id": "c1",
            "texte": "WALL-E"
          },
          {
            "id": "c2",
            "texte": "Robots"
          },
          {
            "id": "c3",
            "texte": "Big Hero 6"
          },
          {
            "id": "c4",
            "texte": "Transformers"
          }
        ],
        "correction": [
          "c1"
        ]
      },
      {
        "id": "q3",
        "enonce": "Quel acteur joue Iron Man ?",
        "types": "simple",
        "choisir": [
          {
            "id": "c1",
            "texte": "Robert Downey Jr."
          },
          {
            "id": "c2",
            "texte": "Chris Evans"
          },
          {
            "id": "c3",
            "texte": "Mark Ruffalo"
          },
          {
            "id": "c4",
            "texte": "Chris Hemsworth"
          }
        ],
        "correction": [
          "c1"
        ]
      }
    ],
    "faita": "2025-11-08T11:04:00Z",
    "auteurId": "1761866964593",
    "categorie": "Cinéma"
  },
  {
    "id": "quiz_1762600005",
    "titre": "Musique",
    "questions": [
      {
        "id": "q1",
        "enonce": "Quel groupe a chanté *Bohemian Rhapsody* ?",
        "types": "simple",
        "choisir": [
          {
            "id": "c1",
            "texte": "Queen"
          },
          {
            "id": "c2",
            "texte": "The Beatles"
          },
          {
            "id": "c3",
            "texte": "Pink Floyd"
          },
          {
            "id": "c4",
            "texte": "U2"
          }
        ],
        "correction": [
          "c1"
        ]
      },
      {
        "id": "q2",
        "enonce": "Qui est surnommé le Roi de la Pop ?",
        "types": "simple",
        "choisir": [
          {
            "id": "c1",
            "texte": "Michael Jackson"
          },
          {
            "id": "c2",
            "texte": "Prince"
          },
          {
            "id": "c3",
            "texte": "Elvis Presley"
          },
          {
            "id": "c4",
            "texte": "Justin Timberlake"
          }
        ],
        "correction": [
          "c1"
        ]
      },
      {
        "id": "q3",
        "enonce": "Quel instrument a des touches noires et blanches ?",
        "types": "simple",
        "choisir": [
          {
            "id": "c1",
            "texte": "Piano"
          },
          {
            "id": "c2",
            "texte": "Guitare"
          },
          {
            "id": "c3",
            "texte": "Batterie"
          },
          {
            "id": "c4",
            "texte": "Violon"
          }
        ],
        "correction": [
          "c1"
        ]
      }
    ],
    "faita": "2025-11-08T11:05:00Z",
    "auteurId": "1762202977089",
    "categorie": "Musique"
  },
  {
    "id": "quiz_1762600006",
    "titre": "Sport",
    "questions": [
      {
        "id": "q1",
        "enonce": "Combien de joueurs dans une équipe de football ?",
        "types": "simple",
        "choisir": [
          {
            "id": "c1",
            "texte": "9"
          },
          {
            "id": "c2",
            "texte": "10"
          },
          {
            "id": "c3",
            "texte": "11"
          },
          {
            "id": "c4",
            "texte": "12"
          }
        ],
        "correction": [
          "c3"
        ]
      },
      {
        "id": "q2",
        "enonce": "Quel sport utilise une raquette et un volant ?",
        "types": "simple",
        "choisir": [
          {
            "id": "c1",
            "texte": "Tennis"
          },
          {
            "id": "c2",
            "texte": "Badminton"
          },
          {
            "id": "c3",
            "texte": "Squash"
          },
          {
            "id": "c4",
            "texte": "Ping-pong"
          }
        ],
        "correction": [
          "c2"
        ]
      },
      {
        "id": "q3",
        "enonce": "Quelle nation organise les Jeux Olympiques 2024 ?",
        "types": "simple",
        "choisir": [
          {
            "id": "c1",
            "texte": "France"
          },
          {
            "id": "c2",
            "texte": "Japon"
          },
          {
            "id": "c3",
            "texte": "États-Unis"
          },
          {
            "id": "c4",
            "texte": "Chine"
          }
        ],
        "correction": [
          "c1"
        ]
      }
    ],
    "faita": "2025-11-08T11:06:00Z",
    "auteurId": "1761934138736",
    "categorie": "Sport"
  },
  {
    "id": "quiz_1762600007",
    "titre": "Informatique",
    "questions": [
      {
        "id": "q1",
        "enonce": "Que signifie HTML ?",
        "types": "simple",
        "choisir": [
          {
            "id": "c1",
            "texte": "HyperText Markup Language"
          },
          {
            "id": "c2",
            "texte": "High Tech Modern Logic"
          },
          {
            "id": "c3",
            "texte": "Home Tool Markup Language"
          },
          {
            "id": "c4",
            "texte": "Hyper Transfer Mode"
          }
        ],
        "correction": [
          "c1"
        ]
      },
      {
        "id": "q2",
        "enonce": "Qui a fondé Microsoft ?",
        "types": "simple",
        "choisir": [
          {
            "id": "c1",
            "texte": "Bill Gates"
          },
          {
            "id": "c2",
            "texte": "Steve Jobs"
          },
          {
            "id": "c3",
            "texte": "Elon Musk"
          },
          {
            "id": "c4",
            "texte": "Mark Zuckerberg"
          }
        ],
        "correction": [
          "c1"
        ]
      },
      {
        "id": "q3",
        "enonce": "Quel système d’exploitation est développé par Apple ?",
        "types": "simple",
        "choisir": [
          {
            "id": "c1",
            "texte": "Windows"
          },
          {
            "id": "c2",
            "texte": "iOS"
          },
          {
            "id": "c3",
            "texte": "Android"
          },
          {
            "id": "c4",
            "texte": "Linux"
          }
        ],
        "correction": [
          "c2"
        ]
      }
    ],
    "faita": "2025-11-08T11:07:00Z",
    "auteurId": "1761866964593",
    "categorie": "Informatique"
  },
  {
    "id": "quiz_1762600008",
    "titre": "Cuisine",
    "questions": [
      {
        "id": "q1",
        "enonce": "De quel pays vient la pizza ?",
        "types": "simple",
        "choisir": [
          {
            "id": "c1",
            "texte": "Italie"
          },
          {
            "id": "c2",
            "texte": "France"
          },
          {
            "id": "c3",
            "texte": "Grèce"
          },
          {
            "id": "c4",
            "texte": "Espagne"
          }
        ],
        "correction": [
          "c1"
        ]
      },
      {
        "id": "q2",
        "enonce": "Quel ingrédient principal compose une omelette ?",
        "types": "simple",
        "choisir": [
          {
            "id": "c1",
            "texte": "Œufs"
          },
          {
            "id": "c2",
            "texte": "Farine"
          },
          {
            "id": "c3",
            "texte": "Lait"
          },
          {
            "id": "c4",
            "texte": "Beurre"
          }
        ],
        "correction": [
          "c1"
        ]
      },
      {
        "id": "q3",
        "enonce": "Quel fruit est jaune et courbé ?",
        "types": "simple",
        "choisir": [
          {
            "id": "c1",
            "texte": "Banane"
          },
          {
            "id": "c2",
            "texte": "Citron"
          },
          {
            "id": "c3",
            "texte": "Mangue"
          },
          {
            "id": "c4",
            "texte": "Pomme"
          }
        ],
        "correction": [
          "c1"
        ]
      }
    ],
    "faita": "2025-11-08T11:08:00Z",
    "auteurId": "1762202977089",
    "categorie": "Cuisine"
  },
  {
    "id": "quiz_1762600009",
    "titre": "Art",
    "questions": [
      {
        "id": "q1",
        "enonce": "Qui a peint *La Joconde* ?",
        "types": "simple",
        "choisir": [
          {
            "id": "c1",
            "texte": "Léonard de Vinci"
          },
          {
            "id": "c2",
            "texte": "Michel-Ange"
          },
          {
            "id": "c3",
            "texte": "Raphaël"
          },
          {
            "id": "c4",
            "texte": "Donatello"
          }
        ],
        "correction": [
          "c1"
        ]
      },
      {
        "id": "q2",
        "enonce": "Quel peintre est connu pour ses tournesols ?",
        "types": "simple",
        "choisir": [
          {
            "id": "c1",
            "texte": "Van Gogh"
          },
          {
            "id": "c2",
            "texte": "Monet"
          },
          {
            "id": "c3",
            "texte": "Manet"
          },
          {
            "id": "c4",
            "texte": "Picasso"
          }
        ],
        "correction": [
          "c1"
        ]
      },
      {
        "id": "q3",
        "enonce": "Le cubisme est associé à quel artiste ?",
        "types": "simple",
        "choisir": [
          {
            "id": "c1",
            "texte": "Picasso"
          },
          {
            "id": "c2",
            "texte": "Dali"
          },
          {
            "id": "c3",
            "texte": "Cézanne"
          },
          {
            "id": "c4",
            "texte": "Matisse"
          }
        ],
        "correction": [
          "c1"
        ]
      }
    ],
    "faita": "2025-11-08T11:09:00Z",
    "auteurId": "1761934138736",
    "categorie": "Art"
  }
]